id,name,category,xref,provided_by
PUBCHEM.COMPOUND:16051933,desmopressin,biolink:ChemicalEntity,NA,EHR Risk Provider (Multiomics)
MONDO:0009061,cystic fibrosis,biolink:Disease,NA,EHR Risk Provider (Multiomics)
CHEMBL.COMPOUND:CHEMBL2108446,guar gum,biolink:ChemicalEntity,NA,EHR Risk Provider (Multiomics)
PUBCHEM.COMPOUND:3899,leflunomide,biolink:ChemicalEntity,NA,EHR Risk Provider (Multiomics)
CHEMBL.COMPOUND:CHEMBL1743034,ixekizumab,biolink:ChemicalEntity,NA,EHR Risk Provider (Multiomics)
MONDO:0007843,kabuki make up syndrome,biolink:Disease,NA,EHR Risk Provider (Multiomics)
MONDO:0015263,brugada syndrome,biolink:Disease,NA,EHR Risk Provider (Multiomics)
HP:0002925,Increased thyroid-stimulating hormone level,biolink:PhenotypicFeature,NA,EHR Risk Provider (Multiomics)
PUBCHEM.COMPOUND:3639,hydrochlorothiazide,biolink:ChemicalEntity,NA,EHR Risk Provider (Multiomics)
PUBCHEM.COMPOUND:4463,nevirapine,biolink:ChemicalEntity,NA,EHR Risk Provider (Multiomics)
CHEMBL.COMPOUND:CHEMBL2108336,lixisenatide,biolink:ChemicalEntity,NA,EHR Risk Provider (Multiomics)
HMDB:HMDB0253402,iloperidone,biolink:ChemicalEntity,NA,EHR Risk Provider (Multiomics)
PUBCHEM.COMPOUND:29413698,adefovir,biolink:ChemicalEntity,NA,EHR Risk Provider (Multiomics)
MONDO:0005178,osteoarthritis,biolink:Disease,NA,EHR Risk Provider (Multiomics)
MONDO:0004981,atrial fibrillation,biolink:Disease,NA,EHR Risk Provider (Multiomics)
PUBCHEM.COMPOUND:3652,hydroxychloroquine,biolink:ChemicalEntity,NA,EHR Risk Provider (Multiomics)
PUBCHEM.COMPOUND:2995,desipramine,biolink:ChemicalEntity,NA,EHR Risk Provider (Multiomics)
MONDO:0016264,autoimmune liver disease,biolink:Disease,NA,EHR Risk Provider (Multiomics)
HMDB:HMDB0259807,viloxazine,biolink:ChemicalEntity,NA,EHR Risk Provider (Multiomics)
PUBCHEM.COMPOUND:6439522,tapinarof,biolink:ChemicalEntity,NA,EHR Risk Provider (Multiomics)
HMDB:HMDB0249523,cabotegravir,biolink:ChemicalEntity,NA,EHR Risk Provider (Multiomics)
MONDO:0019015,congenital omphalocele,biolink:Disease,NA,EHR Risk Provider (Multiomics)
HP:0032312,Decreased circulating globulin level,biolink:PhenotypicFeature,NA,EHR Risk Provider (Multiomics)
PUBCHEM.COMPOUND:229387,thiothixene,biolink:ChemicalEntity,NA,EHR Risk Provider (Multiomics)
CHEMBL.COMPOUND:CHEMBL1201560,peginterferon alfa 2a,biolink:ChemicalEntity,NA,EHR Risk Provider (Multiomics)
PUBCHEM.COMPOUND:5281040,montelukast,biolink:ChemicalEntity,NA,EHR Risk Provider (Multiomics)
PUBCHEM.COMPOUND:7029,diethylpropion,biolink:ChemicalEntity,NA,EHR Risk Provider (Multiomics)
HP:0012117,Hyperalbuminemia,biolink:PhenotypicFeature,NA,EHR Risk Provider (Multiomics)
PUBCHEM.COMPOUND:16136701,insulin glulisine human,biolink:ChemicalEntity,NA,EHR Risk Provider (Multiomics)
HP:0031962,Elevated serum anion gap,biolink:PhenotypicFeature,NA,EHR Risk Provider (Multiomics)
NCBIGene:2157,factor viii,biolink:ChemicalEntity,NA,EHR Risk Provider (Multiomics)
PUBCHEM.COMPOUND:24849132,pravastatin,biolink:ChemicalEntity,NA,EHR Risk Provider (Multiomics)
MONDO:0007827,inclusion body myositis,biolink:Disease,NA,EHR Risk Provider (Multiomics)
PUBCHEM.COMPOUND:2160,amitriptyline,biolink:ChemicalEntity,NA,EHR Risk Provider (Multiomics)
PUBCHEM.COMPOUND:213039,darunavir,biolink:ChemicalEntity,NA,EHR Risk Provider (Multiomics)
PUBCHEM.COMPOUND:441335,mometasone,biolink:ChemicalEntity,NA,EHR Risk Provider (Multiomics)
MONDO:0000477,focal dystonia,biolink:Disease,NA,EHR Risk Provider (Multiomics)
MONDO:0002909,hyperglycemia,biolink:Disease,NA,EHR Risk Provider (Multiomics)
PUBCHEM.COMPOUND:3158,doxepin,biolink:ChemicalEntity,NA,EHR Risk Provider (Multiomics)
MONDO:0002046,alcohol abuse,biolink:Disease,NA,EHR Risk Provider (Multiomics)
HP:0045080,Decreased proportion of CD3-positive T cells,biolink:PhenotypicFeature,NA,EHR Risk Provider (Multiomics)
MONDO:0015924,pulmonary hypertensive arterial disease,biolink:Disease,NA,EHR Risk Provider (Multiomics)
PUBCHEM.COMPOUND:5566,trifluoperazine,biolink:ChemicalEntity,NA,EHR Risk Provider (Multiomics)
HP:0005518,Increased mean corpuscular volume,biolink:PhenotypicFeature,NA,EHR Risk Provider (Multiomics)
HMDB:HMDB0247572,tenofovir disoproxil,biolink:ChemicalEntity,NA,EHR Risk Provider (Multiomics)
MONDO:0010789,melas,biolink:Disease,NA,EHR Risk Provider (Multiomics)
HMDB:HMDB0251778,empagliflozin,biolink:ChemicalEntity,NA,EHR Risk Provider (Multiomics)
PUBCHEM.COMPOUND:2520,verapamil,biolink:ChemicalEntity,NA,EHR Risk Provider (Multiomics)
NCBIGene:2158,factor ix,biolink:ChemicalEntity,NA,EHR Risk Provider (Multiomics)
MONDO:0019350,hereditary spherocytosis,biolink:Disease,NA,EHR Risk Provider (Multiomics)
PUBCHEM.COMPOUND:5401,terazosin,biolink:ChemicalEntity,NA,EHR Risk Provider (Multiomics)
PUBCHEM.COMPOUND:5288783,calcipotriene,biolink:ChemicalEntity,NA,EHR Risk Provider (Multiomics)
MONDO:0043693,alcoholic liver disease,biolink:Disease,NA,EHR Risk Provider (Multiomics)
HP:0005537,Decreased mean platelet volume,biolink:PhenotypicFeature,NA,EHR Risk Provider (Multiomics)
CHEMBL.COMPOUND:CHEMBL1201576,rituximab,biolink:ChemicalEntity,NA,EHR Risk Provider (Multiomics)
HP:0033106,Elevated D-dimers,biolink:PhenotypicFeature,NA,EHR Risk Provider (Multiomics)
PUBCHEM.COMPOUND:160051,colesevelam,biolink:ChemicalEntity,NA,EHR Risk Provider (Multiomics)
PUBCHEM.COMPOUND:73330464,diroximel fumarate,biolink:ChemicalEntity,NA,EHR Risk Provider (Multiomics)
HP:0032067,Elevated serum bicarbonate concentration,biolink:PhenotypicFeature,NA,EHR Risk Provider (Multiomics)
HMDB:HMDB0248375,nadolol,biolink:ChemicalEntity,NA,EHR Risk Provider (Multiomics)
PUBCHEM.COMPOUND:9651,galantamine,biolink:ChemicalEntity,NA,EHR Risk Provider (Multiomics)
PUBCHEM.COMPOUND:193962,etravirine,biolink:ChemicalEntity,NA,EHR Risk Provider (Multiomics)
MONDO:0005116,whipple disease,biolink:Disease,NA,EHR Risk Provider (Multiomics)
PUBCHEM.COMPOUND:121586,zoledronic acid,biolink:ChemicalEntity,NA,EHR Risk Provider (Multiomics)
PUBCHEM.COMPOUND:3478,glipizide,biolink:ChemicalEntity,NA,EHR Risk Provider (Multiomics)
HMDB:HMDB0251580,dolutegravir,biolink:ChemicalEntity,NA,EHR Risk Provider (Multiomics)
HMDB:HMDB0242748,asenapine,biolink:ChemicalEntity,NA,EHR Risk Provider (Multiomics)
HP:0001873,Thrombocytopenia,biolink:PhenotypicFeature,NA,EHR Risk Provider (Multiomics)
PUBCHEM.COMPOUND:3749,irbesartan,biolink:ChemicalEntity,NA,EHR Risk Provider (Multiomics)
CHEMBL.COMPOUND:CHEMBL1201823,abatacept,biolink:ChemicalEntity,NA,EHR Risk Provider (Multiomics)
HMDB:HMDB0256130,paritaprevir,biolink:ChemicalEntity,NA,EHR Risk Provider (Multiomics)
MONDO:0005294,peripheral arterial disease,biolink:Disease,NA,EHR Risk Provider (Multiomics)
MONDO:0007903,li fraumeni syndrome,biolink:Disease,NA,EHR Risk Provider (Multiomics)
HP:0031964,Elevated serum alanine aminotransferase,biolink:PhenotypicFeature,NA,EHR Risk Provider (Multiomics)
MONDO:0002869,heart valve disease,biolink:Disease,NA,EHR Risk Provider (Multiomics)
MONDO:0008300,prader willi syndrome,biolink:Disease,NA,EHR Risk Provider (Multiomics)
PUBCHEM.COMPOUND:41774,acarbose,biolink:ChemicalEntity,NA,EHR Risk Provider (Multiomics)
HP:0002901,Hypocalcemia,biolink:PhenotypicFeature,NA,EHR Risk Provider (Multiomics)
PUBCHEM.COMPOUND:5245,risedronic acid,biolink:ChemicalEntity,NA,EHR Risk Provider (Multiomics)
HP:0032237,Increased circulating myelocyte count,biolink:PhenotypicFeature,NA,EHR Risk Provider (Multiomics)
PUBCHEM.COMPOUND:4205,mirtazapine,biolink:ChemicalEntity,NA,EHR Risk Provider (Multiomics)
PUBCHEM.COMPOUND:5362118,lisinopril,biolink:ChemicalEntity,NA,EHR Risk Provider (Multiomics)
MONDO:0010526,fabry disease,biolink:Disease,NA,EHR Risk Provider (Multiomics)
MONDO:0006058,nephroblastoma,biolink:Disease,NA,EHR Risk Provider (Multiomics)
CHEMBL.COMPOUND:CHEMBL2108681,tildrakizumab,biolink:ChemicalEntity,NA,EHR Risk Provider (Multiomics)
MONDO:0000424,vitamin b12 deficiency,biolink:Disease,NA,EHR Risk Provider (Multiomics)
PUBCHEM.COMPOUND:2733526,tamoxifen,biolink:ChemicalEntity,NA,EHR Risk Provider (Multiomics)
MONDO:0800026,ondine curse,biolink:Disease,NA,EHR Risk Provider (Multiomics)
HP:0003074,Hyperglycemia,biolink:PhenotypicFeature,NA,EHR Risk Provider (Multiomics)
HP:0001943,Hypoglycemia,biolink:PhenotypicFeature,NA,EHR Risk Provider (Multiomics)
HP:0001974,Leukocytosis,biolink:PhenotypicFeature,NA,EHR Risk Provider (Multiomics)
CHEMBL.COMPOUND:CHEMBL1431,metformin,biolink:ChemicalEntity,NA,EHR Risk Provider (Multiomics)
MONDO:0021107,narcolepsy,biolink:Disease,NA,EHR Risk Provider (Multiomics)
CHEMBL.COMPOUND:CHEMBL2108791,tenecteplase,biolink:ChemicalEntity,NA,EHR Risk Provider (Multiomics)
PUBCHEM.COMPOUND:2662,celecoxib,biolink:ChemicalEntity,NA,EHR Risk Provider (Multiomics)
PUBCHEM.COMPOUND:65981,repaglinide,biolink:ChemicalEntity,NA,EHR Risk Provider (Multiomics)
PUBCHEM.COMPOUND:4171,metoprolol,biolink:ChemicalEntity,NA,EHR Risk Provider (Multiomics)
CHEMBL.COMPOUND:CHEMBL2364648,guselkumab,biolink:ChemicalEntity,NA,EHR Risk Provider (Multiomics)
HMDB:HMDB0251525,methyldopa,biolink:ChemicalEntity,NA,EHR Risk Provider (Multiomics)
HP:0011423,Hyperchloremia,biolink:PhenotypicFeature,NA,EHR Risk Provider (Multiomics)
MESH:D000069442,natalizumab,biolink:ChemicalEntity,NA,EHR Risk Provider (Multiomics)
HP:0031030,Elevated carcinoma antigen 125 level,biolink:PhenotypicFeature,NA,EHR Risk Provider (Multiomics)
PUBCHEM.COMPOUND:3084661,colestipol,biolink:ChemicalEntity,NA,EHR Risk Provider (Multiomics)
PUBCHEM.COMPOUND:3404,fluvoxamine,biolink:ChemicalEntity,NA,EHR Risk Provider (Multiomics)
HP:0003072,Hypercalcemia,biolink:PhenotypicFeature,NA,EHR Risk Provider (Multiomics)
PUBCHEM.COMPOUND:4771,phentermine,biolink:ChemicalEntity,NA,EHR Risk Provider (Multiomics)
PUBCHEM.COMPOUND:5271565,dimethyl fumarate,biolink:ChemicalEntity,NA,EHR Risk Provider (Multiomics)
PUBCHEM.COMPOUND:446157,rosuvastatin,biolink:ChemicalEntity,NA,EHR Risk Provider (Multiomics)
MONDO:0019180,osler hemorrhagic telangiectasia syndrome,biolink:Disease,NA,EHR Risk Provider (Multiomics)
UMLS:C4078397,risankizumab,biolink:ChemicalEntity,NA,EHR Risk Provider (Multiomics)
MONDO:0007186,gerd,biolink:Disease,NA,EHR Risk Provider (Multiomics)
MONDO:0009693,multiple myeloma,biolink:Disease,NA,EHR Risk Provider (Multiomics)
CHEBI:3723,citalopram,biolink:ChemicalEntity,NA,EHR Risk Provider (Multiomics)
PUBCHEM.COMPOUND:5284627,topiramate,biolink:ChemicalEntity,NA,EHR Risk Provider (Multiomics)
PUBCHEM.COMPOUND:14184,methadone,biolink:ChemicalEntity,NA,EHR Risk Provider (Multiomics)
CHEMBL.COMPOUND:CHEMBL1201497,insulin glargine,biolink:ChemicalEntity,NA,EHR Risk Provider (Multiomics)
PUBCHEM.COMPOUND:5152,salmeterol,biolink:ChemicalEntity,NA,EHR Risk Provider (Multiomics)
HMDB:HMDB0251589,doravirine,biolink:ChemicalEntity,NA,EHR Risk Provider (Multiomics)
UMLS:C0254119,interferon beta 1a,biolink:ChemicalEntity,NA,EHR Risk Provider (Multiomics)
HMDB:HMDB0250822,daclatasvir,biolink:ChemicalEntity,NA,EHR Risk Provider (Multiomics)
HMDB:HMDB0258296,simeprevir,biolink:ChemicalEntity,NA,EHR Risk Provider (Multiomics)
HP:0002919,Ketonuria,biolink:PhenotypicFeature,NA,EHR Risk Provider (Multiomics)
HP:0002917,Hypomagnesemia,biolink:PhenotypicFeature,NA,EHR Risk Provider (Multiomics)
MONDO:0005404,chronic fatigue syndrome,biolink:Disease,NA,EHR Risk Provider (Multiomics)
MONDO:0004952,hodgkin disease,biolink:Disease,NA,EHR Risk Provider (Multiomics)
GTOPDB:7482,pramlintide,biolink:ChemicalEntity,NA,EHR Risk Provider (Multiomics)
CHEMBL.COMPOUND:CHEMBL1201831,certolizumab pegol,biolink:ChemicalEntity,NA,EHR Risk Provider (Multiomics)
PUBCHEM.COMPOUND:4449,nefazodone,biolink:ChemicalEntity,NA,EHR Risk Provider (Multiomics)
HMDB:HMDB0304897,revefenacin,biolink:ChemicalEntity,NA,EHR Risk Provider (Multiomics)
HMDB:HMDB0252262,fingolimod,biolink:ChemicalEntity,NA,EHR Risk Provider (Multiomics)
MONDO:0005301,multiple sclerosis,biolink:Disease,NA,EHR Risk Provider (Multiomics)
MONDO:0005180,parkinsons disease,biolink:Disease,NA,EHR Risk Provider (Multiomics)
MONDO:0008383,rheumatoid arthritis,biolink:Disease,NA,EHR Risk Provider (Multiomics)
PUBCHEM.COMPOUND:6883,isosorbide dinitrate,biolink:ChemicalEntity,NA,EHR Risk Provider (Multiomics)
MONDO:0011849,psoriatic arthritis,biolink:Disease,NA,EHR Risk Provider (Multiomics)
HMDB:HMDB0257439,sacubitril,biolink:ChemicalEntity,NA,EHR Risk Provider (Multiomics)
MONDO:0018177,glioblastoma multiforme,biolink:Disease,NA,EHR Risk Provider (Multiomics)
UMLS:C4278463,emicizumab,biolink:ChemicalEntity,NA,EHR Risk Provider (Multiomics)
HP:0031963,Decreased serum anion gap,biolink:PhenotypicFeature,NA,EHR Risk Provider (Multiomics)
MONDO:0004425,hyperthyroidism,biolink:Disease,NA,EHR Risk Provider (Multiomics)
MONDO:0007947,marfan syndrome,biolink:Disease,NA,EHR Risk Provider (Multiomics)
HP:0012184,Increased HDL cholesterol concentration,biolink:PhenotypicFeature,NA,EHR Risk Provider (Multiomics)
PUBCHEM.COMPOUND:11350701,choline fenofibrate,biolink:ChemicalEntity,NA,EHR Risk Provider (Multiomics)
MONDO:0006694,cerebral atherosclerosis,biolink:Disease,NA,EHR Risk Provider (Multiomics)
HP:0012343,Decreased circulating ferritin concentration,biolink:PhenotypicFeature,NA,EHR Risk Provider (Multiomics)
HMDB:HMDB0248177,alogliptin,biolink:ChemicalEntity,NA,EHR Risk Provider (Multiomics)
KEGG.COMPOUND:C06867,captopril,biolink:ChemicalEntity,NA,EHR Risk Provider (Multiomics)
PUBCHEM.COMPOUND:5381,tazarotene,biolink:ChemicalEntity,NA,EHR Risk Provider (Multiomics)
HP:0033534,Increased circulating brain natriuretic peptide concentration,biolink:PhenotypicFeature,NA,EHR Risk Provider (Multiomics)
CHEMBL.COMPOUND:CHEMBL2108730,sarilumab,biolink:ChemicalEntity,NA,EHR Risk Provider (Multiomics)
MONDO:0005306,ankylosing spondyloarthritis,biolink:Disease,NA,EHR Risk Provider (Multiomics)
UMLS:C1561642,chronic kidney disease v,biolink:Disease,NA,EHR Risk Provider (Multiomics)
MONDO:0007864,klippel trenaunay syndrome,biolink:Disease,NA,EHR Risk Provider (Multiomics)
HP:0032066,Decreased serum bicarbonate concentration,biolink:PhenotypicFeature,NA,EHR Risk Provider (Multiomics)
MESH:D000068879,adalimumab,biolink:ChemicalEntity,NA,EHR Risk Provider (Multiomics)
HMDB:HMDB0243494,beclomethasone,biolink:ChemicalEntity,NA,EHR Risk Provider (Multiomics)
FB:FBgn0001201,hiv,biolink:Disease,NA,EHR Risk Provider (Multiomics)
PUBCHEM.COMPOUND:9926791,tofacitinib,biolink:ChemicalEntity,NA,EHR Risk Provider (Multiomics)
HMDB:HMDB0249731,diclofenac,biolink:ChemicalEntity,NA,EHR Risk Provider (Multiomics)
HP:0001882,Leukopenia,biolink:PhenotypicFeature,NA,EHR Risk Provider (Multiomics)
MONDO:0005546,fibromyalgia ,biolink:Disease,NA,EHR Risk Provider (Multiomics)
PUBCHEM.COMPOUND:54671008,raltegravir,biolink:ChemicalEntity,NA,EHR Risk Provider (Multiomics)
MONDO:0008394,russell silver syndrome,biolink:Disease,NA,EHR Risk Provider (Multiomics)
MONDO:0008487,polycystic ovarian disease,biolink:Disease,NA,EHR Risk Provider (Multiomics)
PUBCHEM.COMPOUND:392622,ritonavir,biolink:ChemicalEntity,NA,EHR Risk Provider (Multiomics)
HMDB:HMDB0304895,tezacaftor,biolink:ChemicalEntity,NA,EHR Risk Provider (Multiomics)
HP:0001880,Eosinophilia,biolink:PhenotypicFeature,NA,EHR Risk Provider (Multiomics)
PUBCHEM.COMPOUND:68617,sertraline,biolink:ChemicalEntity,NA,EHR Risk Provider (Multiomics)
PUBCHEM.COMPOUND:3157,doxazosin,biolink:ChemicalEntity,NA,EHR Risk Provider (Multiomics)
MONDO:0019118,retinal dystrophy,biolink:Disease,NA,EHR Risk Provider (Multiomics)
MONDO:0008599,trigeminal neuralgia,biolink:Disease,NA,EHR Risk Provider (Multiomics)
MONDO:0005300,chronic kidney disease,biolink:Disease,NA,EHR Risk Provider (Multiomics)
UMLS:C0021658,insulin isophane,biolink:ChemicalEntity,NA,EHR Risk Provider (Multiomics)
MONDO:0005393,gout,biolink:Disease,NA,EHR Risk Provider (Multiomics)
CHEMBL.COMPOUND:CHEMBL2107874,romosozumab,biolink:ChemicalEntity,NA,EHR Risk Provider (Multiomics)
HP:0033072,Abnormal macroscopic urine appearance,biolink:PhenotypicFeature,NA,EHR Risk Provider (Multiomics)
HMDB:HMDB0242500,budesonide,biolink:ChemicalEntity,NA,EHR Risk Provider (Multiomics)
MONDO:0008542,tetralogy of fallot,biolink:Disease,NA,EHR Risk Provider (Multiomics)
HP:0003124,Hypercholesterolemia,biolink:PhenotypicFeature,NA,EHR Risk Provider (Multiomics)
MONDO:0005010,chronic ischemic heart disease,biolink:Disease,NA,EHR Risk Provider (Multiomics)
HP:0011900,Hypofibrinogenemia,biolink:PhenotypicFeature,NA,EHR Risk Provider (Multiomics)
PUBCHEM.COMPOUND:31307,triamcinolone,biolink:ChemicalEntity,NA,EHR Risk Provider (Multiomics)
UMLS:C0969324,mepolizumab,biolink:ChemicalEntity,NA,EHR Risk Provider (Multiomics)
PUBCHEM.COMPOUND:64143,nelfinavir,biolink:ChemicalEntity,NA,EHR Risk Provider (Multiomics)
PUBCHEM.COMPOUND:2471,bumetanide,biolink:ChemicalEntity,NA,EHR Risk Provider (Multiomics)
PUBCHEM.COMPOUND:71301,nebivolol,biolink:ChemicalEntity,NA,EHR Risk Provider (Multiomics)
PUBCHEM.COMPOUND:17753757,pimecrolimus,biolink:ChemicalEntity,NA,EHR Risk Provider (Multiomics)
PUBCHEM.COMPOUND:134587348,elexacaftor,biolink:ChemicalEntity,NA,EHR Risk Provider (Multiomics)
MONDO:0005072,neuroblastoma,biolink:Disease,NA,EHR Risk Provider (Multiomics)
HMDB:HMDB0252472,fostemsavir,biolink:ChemicalEntity,NA,EHR Risk Provider (Multiomics)
HP:0003259,Elevated serum creatinine,biolink:PhenotypicFeature,NA,EHR Risk Provider (Multiomics)
PUBCHEM.COMPOUND:60854,ziprasidone,biolink:ChemicalEntity,NA,EHR Risk Provider (Multiomics)
PUBCHEM.COMPOUND:59768,esmolol,biolink:ChemicalEntity,NA,EHR Risk Provider (Multiomics)
PUBCHEM.COMPOUND:45357796,fosinopril,biolink:ChemicalEntity,NA,EHR Risk Provider (Multiomics)
PUBCHEM.COMPOUND:4946,propranolol,biolink:ChemicalEntity,NA,EHR Risk Provider (Multiomics)
PUBCHEM.COMPOUND:60795,aripiprazole,biolink:ChemicalEntity,NA,EHR Risk Provider (Multiomics)
PUBCHEM.COMPOUND:4748,perphenazine,biolink:ChemicalEntity,NA,EHR Risk Provider (Multiomics)
CHEBI:79041,umeclidinium,biolink:ChemicalEntity,NA,EHR Risk Provider (Multiomics)
HP:0025066,Decreased mean corpuscular volume,biolink:PhenotypicFeature,NA,EHR Risk Provider (Multiomics)
PUBCHEM.COMPOUND:5833,spironolactone,biolink:ChemicalEntity,NA,EHR Risk Provider (Multiomics)
HMDB:HMDB0252416,fluticasone,biolink:ChemicalEntity,NA,EHR Risk Provider (Multiomics)
HP:0012416,Hypercapnia,biolink:PhenotypicFeature,NA,EHR Risk Provider (Multiomics)
HMDB:HMDB0248873,baricitinib,biolink:ChemicalEntity,NA,EHR Risk Provider (Multiomics)
PUBCHEM.COMPOUND:4829,pioglitazone,biolink:ChemicalEntity,NA,EHR Risk Provider (Multiomics)
HP:0410173,Increased troponin I level in blood,biolink:PhenotypicFeature,NA,EHR Risk Provider (Multiomics)
HP:0033078,Decreased circulating free T4 level,biolink:PhenotypicFeature,NA,EHR Risk Provider (Multiomics)
MONDO:0008721,medium chain acyl coenzyme a dehydrogenase deficiency,biolink:Disease,NA,EHR Risk Provider (Multiomics)
PUBCHEM.COMPOUND:45375808,sofosbuvir,biolink:ChemicalEntity,NA,EHR Risk Provider (Multiomics)
PUBCHEM.COMPOUND:16231,amiloride,biolink:ChemicalEntity,NA,EHR Risk Provider (Multiomics)
MONDO:0007739,huntingtons disease,biolink:Disease,NA,EHR Risk Provider (Multiomics)
CHEMBL.COMPOUND:CHEMBL1201835,ustekinumab,biolink:ChemicalEntity,NA,EHR Risk Provider (Multiomics)
PUBCHEM.COMPOUND:5452,thioridazine,biolink:ChemicalEntity,NA,EHR Risk Provider (Multiomics)
UMLS:C1882138,ocrelizumab,biolink:ChemicalEntity,NA,EHR Risk Provider (Multiomics)
PUBCHEM.COMPOUND:6741,methylprednisolone,biolink:ChemicalEntity,NA,EHR Risk Provider (Multiomics)
MONDO:0019565,von willebrand disorder,biolink:Disease,NA,EHR Risk Provider (Multiomics)
PUBCHEM.COMPOUND:6918554,indacaterol,biolink:ChemicalEntity,NA,EHR Risk Provider (Multiomics)
HP:0032198,Decreased prothrombin time,biolink:PhenotypicFeature,NA,EHR Risk Provider (Multiomics)
HP:0031808,Decreased basophil count,biolink:PhenotypicFeature,NA,EHR Risk Provider (Multiomics)
PUBCHEM.COMPOUND:4011,maprotiline,biolink:ChemicalEntity,NA,EHR Risk Provider (Multiomics)
UMLS:C0244713,interferon beta 1b,biolink:ChemicalEntity,NA,EHR Risk Provider (Multiomics)
HP:0031965,Increased RBC distribution width,biolink:PhenotypicFeature,NA,EHR Risk Provider (Multiomics)
HMDB:HMDB0251727,tenofovir alafenamide,biolink:ChemicalEntity,NA,EHR Risk Provider (Multiomics)
HMDB:HMDB0254055,milnacipran,biolink:ChemicalEntity,NA,EHR Risk Provider (Multiomics)
CHEMBL.COMPOUND:CHEMBL1201589,omalizumab,biolink:ChemicalEntity,NA,EHR Risk Provider (Multiomics)
HP:0003073,Hypoalbuminemia,biolink:PhenotypicFeature,NA,EHR Risk Provider (Multiomics)
MONDO:0005298,osteoporosis,biolink:Disease,NA,EHR Risk Provider (Multiomics)
MONDO:0019499,turner syndrome,biolink:Disease,NA,EHR Risk Provider (Multiomics)
HMDB:HMDB0242518,azithromycin,biolink:ChemicalEntity,NA,EHR Risk Provider (Multiomics)
HP:0003158,Hyposthenuria,biolink:PhenotypicFeature,NA,EHR Risk Provider (Multiomics)
PUBCHEM.COMPOUND:16362,pimozide,biolink:ChemicalEntity,NA,EHR Risk Provider (Multiomics)
HMDB:HMDB0259778,velpatasvir,biolink:ChemicalEntity,NA,EHR Risk Provider (Multiomics)
MONDO:0005011,crohns disease,biolink:Disease,NA,EHR Risk Provider (Multiomics)
PUBCHEM.COMPOUND:5339,sulfasalazine,biolink:ChemicalEntity,NA,EHR Risk Provider (Multiomics)
MONDO:0005083,psoriasis,biolink:Disease,NA,EHR Risk Provider (Multiomics)
HP:0031956,Elevated serum aspartate aminotransferase,biolink:PhenotypicFeature,NA,EHR Risk Provider (Multiomics)
HP:0012417,Hypocapnia,biolink:PhenotypicFeature,NA,EHR Risk Provider (Multiomics)
MONDO:0005388,primary biliary cholangitis,biolink:Disease,NA,EHR Risk Provider (Multiomics)
HMDB:HMDB0252261,finerenone,biolink:ChemicalEntity,NA,EHR Risk Provider (Multiomics)
MONDO:0006640,adrenal cushing syndrome,biolink:Disease,NA,EHR Risk Provider (Multiomics)
UMLS:C2353893,golimumab,biolink:ChemicalEntity,NA,EHR Risk Provider (Multiomics)
MONDO:0009264,gastroschisis,biolink:Disease,NA,EHR Risk Provider (Multiomics)
HP:0008202,Reduced circulating prolactin concentration,biolink:PhenotypicFeature,NA,EHR Risk Provider (Multiomics)
MONDO:0020066,ehlers danlos syndrome,biolink:Disease,NA,EHR Risk Provider (Multiomics)
NONE,SARS Coronavirus 2 Negative,biolink:PhenotypicFeature,NA,EHR Risk Provider (Multiomics)
PUBCHEM.COMPOUND:2244,aspirin,biolink:ChemicalEntity,NA,EHR Risk Provider (Multiomics)
PUBCHEM.COMPOUND:4828,pindolol,biolink:ChemicalEntity,NA,EHR Risk Provider (Multiomics)
PUBCHEM.COMPOUND:20279,cladribine,biolink:ChemicalEntity,NA,EHR Risk Provider (Multiomics)
PUBCHEM.COMPOUND:3168,droperidol,biolink:ChemicalEntity,NA,EHR Risk Provider (Multiomics)
PUBCHEM.COMPOUND:644073,buprenorphine,biolink:ChemicalEntity,NA,EHR Risk Provider (Multiomics)
PUBCHEM.COMPOUND:1983,acetaminophen,biolink:ChemicalEntity,NA,EHR Risk Provider (Multiomics)
PUBCHEM.COMPOUND:4674,pamidronate,biolink:ChemicalEntity,NA,EHR Risk Provider (Multiomics)
PUBCHEM.COMPOUND:5656,venlafaxine,biolink:ChemicalEntity,NA,EHR Risk Provider (Multiomics)
HMDB:HMDB0259708,upadacitinib,biolink:ChemicalEntity,NA,EHR Risk Provider (Multiomics)
HMDB:HMDB0251738,elbasvir,biolink:ChemicalEntity,NA,EHR Risk Provider (Multiomics)
MONDO:0005364,graves disease,biolink:Disease,NA,EHR Risk Provider (Multiomics)
MONDO:0016218,guillain barre syndrome,biolink:Disease,NA,EHR Risk Provider (Multiomics)
MONDO:0011429,juvenile idiopathic arthritis,biolink:Disease,NA,EHR Risk Provider (Multiomics)
PUBCHEM.COMPOUND:11658860,lorcaserin,biolink:ChemicalEntity,NA,EHR Risk Provider (Multiomics)
HMDB:HMDB0242348,tacrolimus,biolink:ChemicalEntity,NA,EHR Risk Provider (Multiomics)
MONDO:0000153,discordant ventriculoarterial connection,biolink:Disease,NA,EHR Risk Provider (Multiomics)
PUBCHEM.COMPOUND:4054,memantine,biolink:ChemicalEntity,NA,EHR Risk Provider (Multiomics)
PUBCHEM.COMPOUND:11235729,saxagliptin,biolink:ChemicalEntity,NA,EHR Risk Provider (Multiomics)
PUBCHEM.COMPOUND:4976,protriptyline,biolink:ChemicalEntity,NA,EHR Risk Provider (Multiomics)
HMDB:HMDB0246186,diltiazem,biolink:ChemicalEntity,NA,EHR Risk Provider (Multiomics)
HMDB:HMDB0253721,lumateperone,biolink:ChemicalEntity,NA,EHR Risk Provider (Multiomics)
MONDO:0011786,allergic rhinitis,biolink:Disease,NA,EHR Risk Provider (Multiomics)
PUBCHEM.COMPOUND:441314,miglitol,biolink:ChemicalEntity,NA,EHR Risk Provider (Multiomics)
HMDB:HMDB0254055,levomilnacipran,biolink:ChemicalEntity,NA,EHR Risk Provider (Multiomics)
HMDB:HMDB0248085,lovastatin,biolink:ChemicalEntity,NA,EHR Risk Provider (Multiomics)
KEGG.COMPOUND:C22193,dapagliflozin,biolink:ChemicalEntity,NA,EHR Risk Provider (Multiomics)
HP:0031507,Decreased circulating T4 level,biolink:PhenotypicFeature,NA,EHR Risk Provider (Multiomics)
UMLS:C0383429,alemtuzumab,biolink:ChemicalEntity,NA,EHR Risk Provider (Multiomics)
HP:0003645,Prolonged partial thromboplastin time,biolink:PhenotypicFeature,NA,EHR Risk Provider (Multiomics)
HMDB:HMDB0242363,calcitriol,biolink:ChemicalEntity,NA,EHR Risk Provider (Multiomics)
PUBCHEM.COMPOUND:2801,clomipramine,biolink:ChemicalEntity,NA,EHR Risk Provider (Multiomics)
HP:0011227,Elevated C-reactive protein level,biolink:PhenotypicFeature,NA,EHR Risk Provider (Multiomics)
MONDO:0008644,22q11 2 deletion syndrome,biolink:Disease,NA,EHR Risk Provider (Multiomics)
MONDO:0005002,chronic obstructive pulmonary disease,biolink:Disease,NA,EHR Risk Provider (Multiomics)
NCIT:C171647,SARS Coronavirus 2 Positive,biolink:PhenotypicFeature,NA,EHR Risk Provider (Multiomics)
CHEMBL.COMPOUND:CHEMBL2028019,cariprazine,biolink:ChemicalEntity,NA,EHR Risk Provider (Multiomics)
PUBCHEM.COMPOUND:5362129,ramipril,biolink:ChemicalEntity,NA,EHR Risk Provider (Multiomics)
PUBCHEM.COMPOUND:5584,trimipramine,biolink:ChemicalEntity,NA,EHR Risk Provider (Multiomics)
MONDO:0008738,congenital aganglionic megacolon,biolink:Disease,NA,EHR Risk Provider (Multiomics)
PUBCHEM.COMPOUND:2088,alendronate,biolink:ChemicalEntity,NA,EHR Risk Provider (Multiomics)
PUBCHEM.COMPOUND:936,niacin,biolink:ChemicalEntity,NA,EHR Risk Provider (Multiomics)
MONDO:0007027,nonalcoholic steatohepatitis,biolink:Disease,NA,EHR Risk Provider (Multiomics)
HP:0033077,Increased circulating free T4 level,biolink:PhenotypicFeature,NA,EHR Risk Provider (Multiomics)
PUBCHEM.COMPOUND:65370,glatiramer,biolink:ChemicalEntity,NA,EHR Risk Provider (Multiomics)
HP:0011877,Increased mean platelet volume,biolink:PhenotypicFeature,NA,EHR Risk Provider (Multiomics)
PUBCHEM.COMPOUND:122252,duloxetine,biolink:ChemicalEntity,NA,EHR Risk Provider (Multiomics)
PUBCHEM.COMPOUND:444,bupropion,biolink:ChemicalEntity,NA,EHR Risk Provider (Multiomics)
PUBCHEM.COMPOUND:33624,timolol,biolink:ChemicalEntity,NA,EHR Risk Provider (Multiomics)
CHEMBL.COMPOUND:CHEMBL1201625,cholestyramine,biolink:ChemicalEntity,NA,EHR Risk Provider (Multiomics)
PUBCHEM.COMPOUND:1548943,capsaicin,biolink:ChemicalEntity,NA,EHR Risk Provider (Multiomics)
CHEMBL.COMPOUND:CHEMBL1237022,tocilizumab,biolink:ChemicalEntity,NA,EHR Risk Provider (Multiomics)
HMDB:HMDB0255465,flunisolide,biolink:ChemicalEntity,NA,EHR Risk Provider (Multiomics)
CHEBI:4875,etanercept,biolink:ChemicalEntity,NA,EHR Risk Provider (Multiomics)
HP:0012213,Decreased glomerular filtration rate,biolink:PhenotypicFeature,NA,EHR Risk Provider (Multiomics)
HMDB:HMDB0255957,olodaterol,biolink:ChemicalEntity,NA,EHR Risk Provider (Multiomics)
PUBCHEM.COMPOUND:8254,ofatumumab,biolink:ChemicalEntity,NA,EHR Risk Provider (Multiomics)
PUBCHEM.COMPOUND:3406,fomepizole,biolink:ChemicalEntity,NA,EHR Risk Provider (Multiomics)
PUBCHEM.COMPOUND:54677470,meloxicam,biolink:ChemicalEntity,NA,EHR Risk Provider (Multiomics)
HMDB:HMDB0256551,pimavanserin,biolink:ChemicalEntity,NA,EHR Risk Provider (Multiomics)
NCIT:C141278,Adenovirus Positive,biolink:PhenotypicFeature,NA,EHR Risk Provider (Multiomics)
PUBCHEM.COMPOUND:3333,felodipine,biolink:ChemicalEntity,NA,EHR Risk Provider (Multiomics)
NCIT:C155871,Herpes Simplex Virus Infection,biolink:PhenotypicFeature,NA,EHR Risk Provider (Multiomics)
PUBCHEM.COMPOUND:135398508,entecavir,biolink:ChemicalEntity,NA,EHR Risk Provider (Multiomics)
HP:0020062,Decreased hemoglobin concentration,biolink:PhenotypicFeature,NA,EHR Risk Provider (Multiomics)
HP:0003138,Increased blood urea nitrogen,biolink:PhenotypicFeature,NA,EHR Risk Provider (Multiomics)
UMLS:C0123677,insulin aspart human,biolink:ChemicalEntity,NA,EHR Risk Provider (Multiomics)
PUBCHEM.COMPOUND:54892,quinapril,biolink:ChemicalEntity,NA,EHR Risk Provider (Multiomics)
MONDO:0015614,dermatitis herpetiformis,biolink:Disease,NA,EHR Risk Provider (Multiomics)
HP:0040088,Abnormal lymphocyte count,biolink:PhenotypicFeature,NA,EHR Risk Provider (Multiomics)
MONDO:0004979,asthma,biolink:Disease,NA,EHR Risk Provider (Multiomics)
PUBCHEM.COMPOUND:2803,clonidine,biolink:ChemicalEntity,NA,EHR Risk Provider (Multiomics)
CHEMBL.COMPOUND:CHEMBL1481,glimepiride,biolink:ChemicalEntity,NA,EHR Risk Provider (Multiomics)
MONDO:0005101,ulcerative colitis,biolink:Disease,NA,EHR Risk Provider (Multiomics)
GTOPDB:11429,tirzepatide,biolink:ChemicalEntity,NA,EHR Risk Provider (Multiomics)
PUBCHEM.COMPOUND:135398737,clozapine,biolink:ChemicalEntity,NA,EHR Risk Provider (Multiomics)
CHEMBL.COMPOUND:CHEMBL1743068,secukinumab,biolink:ChemicalEntity,NA,EHR Risk Provider (Multiomics)
PUBCHEM.COMPOUND:4893,prazosin,biolink:ChemicalEntity,NA,EHR Risk Provider (Multiomics)
HMDB:HMDB0250090,chlorpromazine,biolink:ChemicalEntity,NA,EHR Risk Provider (Multiomics)
PUBCHEM.COMPOUND:4510,nitroglycerin,biolink:ChemicalEntity,NA,EHR Risk Provider (Multiomics)
CHEBI:5147,formoterol,biolink:ChemicalEntity,NA,EHR Risk Provider (Multiomics)
HP:0020059,Increased red blood cell count,biolink:PhenotypicFeature,NA,EHR Risk Provider (Multiomics)
PUBCHEM.COMPOUND:3696,imipramine,biolink:ChemicalEntity,NA,EHR Risk Provider (Multiomics)
PUBCHEM.COMPOUND:1148,tryptophan,biolink:ChemicalEntity,NA,EHR Risk Provider (Multiomics)
MONDO:0007473,duane syndrome,biolink:Disease,NA,EHR Risk Provider (Multiomics)
HP:0000093,Proteinuria,biolink:PhenotypicFeature,NA,EHR Risk Provider (Multiomics)
KEGG.COMPOUND:C07468,candesartan,biolink:ChemicalEntity,NA,EHR Risk Provider (Multiomics)
HMDB:HMDB0254219,lurasidone,biolink:ChemicalEntity,NA,EHR Risk Provider (Multiomics)
PUBCHEM.COMPOUND:1302,naproxen,biolink:ChemicalEntity,NA,EHR Risk Provider (Multiomics)
HP:0002153,Hyperkalemia,biolink:PhenotypicFeature,NA,EHR Risk Provider (Multiomics)
CHEBI:41060,ibandronate,biolink:ChemicalEntity,NA,EHR Risk Provider (Multiomics)
PUBCHEM.COMPOUND:5360515,naltrexone,biolink:ChemicalEntity,NA,EHR Risk Provider (Multiomics)
MONDO:0004975,alzheimers disease,biolink:Disease,NA,EHR Risk Provider (Multiomics)
PUBCHEM.COMPOUND:3964,loxapine,biolink:ChemicalEntity,NA,EHR Risk Provider (Multiomics)
MONDO:0000914,cerebral autosomal dominant arteriopathy with subcortical infarcts and leukoencephalopathy,biolink:Disease,NA,EHR Risk Provider (Multiomics)
HMDB:HMDB0247256,paliperidone,biolink:ChemicalEntity,NA,EHR Risk Provider (Multiomics)
PUBCHEM.COMPOUND:4917,prochlorperazine,biolink:ChemicalEntity,NA,EHR Risk Provider (Multiomics)
PUBCHEM.COMPOUND:5717,zafirlukast,biolink:ChemicalEntity,NA,EHR Risk Provider (Multiomics)
PUBCHEM.COMPOUND:2720,chlorothiazide,biolink:ChemicalEntity,NA,EHR Risk Provider (Multiomics)
HMDB:HMDB0247516,sibutramine,biolink:ChemicalEntity,NA,EHR Risk Provider (Multiomics)
HP:0003141,Increased LDL cholesterol concentration,biolink:PhenotypicFeature,NA,EHR Risk Provider (Multiomics)
HP:0001899,Increased hematocrit,biolink:PhenotypicFeature,NA,EHR Risk Provider (Multiomics)
PUBCHEM.COMPOUND:4543,nortriptyline,biolink:ChemicalEntity,NA,EHR Risk Provider (Multiomics)
HP:0032372,Increased peripheral blast count,biolink:PhenotypicFeature,NA,EHR Risk Provider (Multiomics)
PUBCHEM.COMPOUND:146570,escitalopram,biolink:ChemicalEntity,NA,EHR Risk Provider (Multiomics)
MONDO:0002316,hereditary motor and sensory neuropathy,biolink:Disease,NA,EHR Risk Provider (Multiomics)
MONDO:0005711,congenital diaphragmatic hernia,biolink:Disease,NA,EHR Risk Provider (Multiomics)
CHEMBL.COMPOUND:CHEMBL783,nateglinide,biolink:ChemicalEntity,NA,EHR Risk Provider (Multiomics)
PUBCHEM.COMPOUND:18283,stavudine,biolink:ChemicalEntity,NA,EHR Risk Provider (Multiomics)
MONDO:0002277,arteriosclerosis,biolink:Disease,NA,EHR Risk Provider (Multiomics)
KEGG.COMPOUND:C21543,olmesartan,biolink:ChemicalEntity,NA,EHR Risk Provider (Multiomics)
MONDO:0016532,lennox gastaut syndrome,biolink:Disease,NA,EHR Risk Provider (Multiomics)
PUBCHEM.COMPOUND:45588096,exenatide,biolink:ChemicalEntity,NA,EHR Risk Provider (Multiomics)
PUBCHEM.COMPOUND:118984450,insulin lispro,biolink:ChemicalEntity,NA,EHR Risk Provider (Multiomics)
HP:0002902,Hyponatremia,biolink:PhenotypicFeature,NA,EHR Risk Provider (Multiomics)
HP:0008151,Prolonged prothrombin time,biolink:PhenotypicFeature,NA,EHR Risk Provider (Multiomics)
MONDO:0007540,multiple endocrine neoplasia type 1,biolink:Disease,NA,EHR Risk Provider (Multiomics)
PUBCHEM.COMPOUND:3386,fluoxetine,biolink:ChemicalEntity,NA,EHR Risk Provider (Multiomics)
PUBCHEM.COMPOUND:127054492,rosiglitazone,biolink:ChemicalEntity,NA,EHR Risk Provider (Multiomics)
MONDO:0009126,congenital atresia of duodenum,biolink:Disease,NA,EHR Risk Provider (Multiomics)
MONDO:0005009,heart failure,biolink:Disease,NA,EHR Risk Provider (Multiomics)
HP:0001894,Thrombocytosis,biolink:PhenotypicFeature,NA,EHR Risk Provider (Multiomics)
HMDB:HMDB0257085,sitagliptin,biolink:ChemicalEntity,NA,EHR Risk Provider (Multiomics)
PUBCHEM.COMPOUND:2265,azathioprine,biolink:ChemicalEntity,NA,EHR Risk Provider (Multiomics)
HMDB:HMDB0249580,canagliflozin,biolink:ChemicalEntity,NA,EHR Risk Provider (Multiomics)
MONDO:0008642,vater association,biolink:Disease,NA,EHR Risk Provider (Multiomics)
PUBCHEM.COMPOUND:2162,amlodipine,biolink:ChemicalEntity,NA,EHR Risk Provider (Multiomics)
PUBCHEM.COMPOUND:3372,fluphenazine,biolink:ChemicalEntity,NA,EHR Risk Provider (Multiomics)
PUBCHEM.COMPOUND:3637,hydralazine,biolink:ChemicalEntity,NA,EHR Risk Provider (Multiomics)
CHEMBL.COMPOUND:CHEMBL2108027,dulaglutide,biolink:ChemicalEntity,NA,EHR Risk Provider (Multiomics)
PUBCHEM.COMPOUND:3559,haloperidol,biolink:ChemicalEntity,NA,EHR Risk Provider (Multiomics)
CHEBI:94534,olanzapine,biolink:ChemicalEntity,NA,EHR Risk Provider (Multiomics)
PUBCHEM.COMPOUND:64139,efavirenz,biolink:ChemicalEntity,NA,EHR Risk Provider (Multiomics)
MONDO:0002406,eczema,biolink:Disease,NA,EHR Risk Provider (Multiomics)
MONDO:0019369,complex regional pain syndrome ,biolink:Disease,NA,EHR Risk Provider (Multiomics)
PUBCHEM.COMPOUND:3463,gemfibrozil,biolink:ChemicalEntity,NA,EHR Risk Provider (Multiomics)
UMLS:C0666743,infliximab,biolink:ChemicalEntity,NA,EHR Risk Provider (Multiomics)
HP:0032311,Increased circulating globulin level,biolink:PhenotypicFeature,NA,EHR Risk Provider (Multiomics)
PUBCHEM.COMPOUND:3821,ketamine,biolink:ChemicalEntity,NA,EHR Risk Provider (Multiomics)
HMDB:HMDB0254095,linagliptin,biolink:ChemicalEntity,NA,EHR Risk Provider (Multiomics)
HMDB:HMDB0257288,roflumilast,biolink:ChemicalEntity,NA,EHR Risk Provider (Multiomics)
HP:0012202,Increased serum bile acid concentration,biolink:PhenotypicFeature,NA,EHR Risk Provider (Multiomics)
PUBCHEM.COMPOUND:60846,valsartan,biolink:ChemicalEntity,NA,EHR Risk Provider (Multiomics)
HMDB:HMDB0259314,alteplase,biolink:ChemicalEntity,NA,EHR Risk Provider (Multiomics)
HP:0032943,Abnormal urine pH,biolink:PhenotypicFeature,NA,EHR Risk Provider (Multiomics)
PUBCHEM.COMPOUND:3675,phenelzine,biolink:ChemicalEntity,NA,EHR Risk Provider (Multiomics)
MONDO:0008377,retinitis pigmentosa,biolink:Disease,NA,EHR Risk Provider (Multiomics)
CHEMBL.COMPOUND:CHEMBL2364655,evolocumab,biolink:ChemicalEntity,NA,EHR Risk Provider (Multiomics)
MONDO:0001044,congenital atresia of esophagus,biolink:Disease,NA,EHR Risk Provider (Multiomics)
HP:0002155,Hypertriglyceridemia,biolink:PhenotypicFeature,NA,EHR Risk Provider (Multiomics)
MONDO:0004648,vascular dementia,biolink:Disease,NA,EHR Risk Provider (Multiomics)
HMDB:HMDB0243563,tranylcypromine,biolink:ChemicalEntity,NA,EHR Risk Provider (Multiomics)
PUBCHEM.COMPOUND:2405,bisoprolol,biolink:ChemicalEntity,NA,EHR Risk Provider (Multiomics)
HP:0012214,Increased glomerular filtration rate,biolink:PhenotypicFeature,NA,EHR Risk Provider (Multiomics)
MONDO:0009476,congenital atresia of small intestine,biolink:Disease,NA,EHR Risk Provider (Multiomics)
CHEBI:5956,ipratropium,biolink:ChemicalEntity,NA,EHR Risk Provider (Multiomics)
PUBCHEM.COMPOUND:11434515,aclidinium,biolink:ChemicalEntity,NA,EHR Risk Provider (Multiomics)
MONDO:0008006,moebius syndrome,biolink:Disease,NA,EHR Risk Provider (Multiomics)
UMLS:C0306371,insulin regular human,biolink:ChemicalEntity,NA,EHR Risk Provider (Multiomics)
HP:0003155,Elevated alkaline phosphatase,biolink:PhenotypicFeature,NA,EHR Risk Provider (Multiomics)
PUBCHEM.COMPOUND:170361,varenicline,biolink:ChemicalEntity,NA,EHR Risk Provider (Multiomics)
MONDO:0010383,fragile x syndrome,biolink:Disease,NA,EHR Risk Provider (Multiomics)
PUBCHEM.COMPOUND:23253564,morphine,biolink:ChemicalEntity,NA,EHR Risk Provider (Multiomics)
PUBCHEM.COMPOUND:25749227,losartan,biolink:ChemicalEntity,NA,EHR Risk Provider (Multiomics)
MONDO:0013282,alpha 1 antitrypsin deficiency,biolink:Disease,NA,EHR Risk Provider (Multiomics)
MONDO:0008678,williams syndrome,biolink:Disease,NA,EHR Risk Provider (Multiomics)
MONDO:0011122,obesity disorder,biolink:Disease,NA,EHR Risk Provider (Multiomics)
HMDB:HMDB0248531,apremilast,biolink:ChemicalEntity,NA,EHR Risk Provider (Multiomics)
PUBCHEM.COMPOUND:54454,simvastatin,biolink:ChemicalEntity,NA,EHR Risk Provider (Multiomics)
PUBCHEM.COMPOUND:60877,emtricitabine,biolink:ChemicalEntity,NA,EHR Risk Provider (Multiomics)
PUBCHEM.COMPOUND:5484727,trandolapril,biolink:ChemicalEntity,NA,EHR Risk Provider (Multiomics)
PUBCHEM.COMPOUND:443872,eplerenone,biolink:ChemicalEntity,NA,EHR Risk Provider (Multiomics)
HMDB:HMDB0248802,azilsartan,biolink:ChemicalEntity,NA,EHR Risk Provider (Multiomics)
PUBCHEM.COMPOUND:3702,indapamide,biolink:ChemicalEntity,NA,EHR Risk Provider (Multiomics)
HMDB:HMDB0258219,semaglutide,biolink:ChemicalEntity,NA,EHR Risk Provider (Multiomics)
HMDB:HMDB0250872,dasabuvir,biolink:ChemicalEntity,NA,EHR Risk Provider (Multiomics)
HMDB:HMDB0256027,ozanimod,biolink:ChemicalEntity,NA,EHR Risk Provider (Multiomics)
HP:0012085,Pyuria,biolink:PhenotypicFeature,NA,EHR Risk Provider (Multiomics)
PUBCHEM.COMPOUND:77991,rivastigmine,biolink:ChemicalEntity,NA,EHR Risk Provider (Multiomics)
PUBCHEM.COMPOUND:2585,carvedilol,biolink:ChemicalEntity,NA,EHR Risk Provider (Multiomics)
MONDO:0021129,microphthalmos,biolink:Disease,NA,EHR Risk Provider (Multiomics)
HP:0031851,Reduced hematocrit,biolink:PhenotypicFeature,NA,EHR Risk Provider (Multiomics)
PUBCHEM.COMPOUND:60825,lamivudine,biolink:ChemicalEntity,NA,EHR Risk Provider (Multiomics)
PUBCHEM.COMPOUND:16137271,insulin detemir,biolink:ChemicalEntity,NA,EHR Risk Provider (Multiomics)
MONDO:0001516,spinal muscular atrophy,biolink:Disease,NA,EHR Risk Provider (Multiomics)
HP:0012086,Abnormal urinary color,biolink:PhenotypicFeature,NA,EHR Risk Provider (Multiomics)
HP:0032239,Increased circulating band cell count,biolink:PhenotypicFeature,NA,EHR Risk Provider (Multiomics)
PUBCHEM.COMPOUND:2583,carteolol,biolink:ChemicalEntity,NA,EHR Risk Provider (Multiomics)
PUBCHEM.COMPOUND:16220172,ivacaftor,biolink:ChemicalEntity,NA,EHR Risk Provider (Multiomics)
PUBCHEM.COMPOUND:89594,nicotine,biolink:ChemicalEntity,NA,EHR Risk Provider (Multiomics)
CHEMBL.COMPOUND:CHEMBL1182657,tiotropium,biolink:ChemicalEntity,NA,EHR Risk Provider (Multiomics)
GTOPDB:3586,calcitonin,biolink:ChemicalEntity,NA,EHR Risk Provider (Multiomics)
UMLS:C0577631,carotid atherosclerosis,biolink:Disease,NA,EHR Risk Provider (Multiomics)
MONDO:0018975,neurofibromatosis type 1,biolink:Disease,NA,EHR Risk Provider (Multiomics)
HP:0032236,Increased circulating immature neutrophil count,biolink:PhenotypicFeature,NA,EHR Risk Provider (Multiomics)
HP:0003113,Hypochloremia,biolink:PhenotypicFeature,NA,EHR Risk Provider (Multiomics)
PUBCHEM.COMPOUND:5403,terbutaline,biolink:ChemicalEntity,NA,EHR Risk Provider (Multiomics)
MONDO:0003620,peripheral neuropathy,biolink:Disease,NA,EHR Risk Provider (Multiomics)
PUBCHEM.COMPOUND:43815,paroxetine,biolink:ChemicalEntity,NA,EHR Risk Provider (Multiomics)
NCIT:C167118,Influenza B Virus Positive,biolink:PhenotypicFeature,NA,EHR Risk Provider (Multiomics)
HP:0031969,Reduced blood urea nitrogen,biolink:PhenotypicFeature,NA,EHR Risk Provider (Multiomics)
MONDO:0021187,hyperlipidemia,biolink:Disease,NA,EHR Risk Provider (Multiomics)
PUBCHEM.COMPOUND:5533,trazodone,biolink:ChemicalEntity,NA,EHR Risk Provider (Multiomics)
PUBCHEM.COMPOUND:3869,labetalol,biolink:ChemicalEntity,NA,EHR Risk Provider (Multiomics)
HMDB:HMDB0258832,teriflunomide,biolink:ChemicalEntity,NA,EHR Risk Provider (Multiomics)
PUBCHEM.COMPOUND:5073,risperidone,biolink:ChemicalEntity,NA,EHR Risk Provider (Multiomics)
PUBCHEM.COMPOUND:123600,levalbuterol,biolink:ChemicalEntity,NA,EHR Risk Provider (Multiomics)
UMLS:C3491331,brodalumab,biolink:ChemicalEntity,NA,EHR Risk Provider (Multiomics)
HP:0031506,Increased circulating T4 level,biolink:PhenotypicFeature,NA,EHR Risk Provider (Multiomics)
HP:0031891,Decreased eosinophil count,biolink:PhenotypicFeature,NA,EHR Risk Provider (Multiomics)
PUBCHEM.COMPOUND:1548972,fluvastatin,biolink:ChemicalEntity,NA,EHR Risk Provider (Multiomics)
PUBCHEM.COMPOUND:2083,albuterol,biolink:ChemicalEntity,NA,EHR Risk Provider (Multiomics)
HP:0031890,Increased urine urobilinogen,biolink:PhenotypicFeature,NA,EHR Risk Provider (Multiomics)
MONDO:0007818,job syndrome,biolink:Disease,NA,EHR Risk Provider (Multiomics)
MONDO:0005392,scoliosis,biolink:Disease,NA,EHR Risk Provider (Multiomics)
PUBCHEM.COMPOUND:3278,ethacrynate,biolink:ChemicalEntity,NA,EHR Risk Provider (Multiomics)
HP:0032238,Increased circulating metamyelocyte count,biolink:PhenotypicFeature,NA,EHR Risk Provider (Multiomics)
PUBCHEM.COMPOUND:5035,raloxifene,biolink:ChemicalEntity,NA,EHR Risk Provider (Multiomics)
NCIT:C167118,Influenza A Virus Positive,biolink:PhenotypicFeature,NA,EHR Risk Provider (Multiomics)
PUBCHEM.COMPOUND:3034010,orlistat,biolink:ChemicalEntity,NA,EHR Risk Provider (Multiomics)
CHEMBL.COMPOUND:CHEMBL3301581,abaloparatide,biolink:ChemicalEntity,NA,EHR Risk Provider (Multiomics)
CHEMBL.COMPOUND:CHEMBL183041,tipranavir,biolink:ChemicalEntity,NA,EHR Risk Provider (Multiomics)
HP:0002918,Hypermagnesemia,biolink:PhenotypicFeature,NA,EHR Risk Provider (Multiomics)
HP:0025548,Increased mean corpuscular hemoglobin concentration,biolink:PhenotypicFeature,NA,EHR Risk Provider (Multiomics)
HP:0003146,Hypocholesterolemia,biolink:PhenotypicFeature,NA,EHR Risk Provider (Multiomics)
PUBCHEM.COMPOUND:126480325,inclisiran,biolink:ChemicalEntity,NA,EHR Risk Provider (Multiomics)
HP:0025547,Decreased mean corpuscular hemoglobin concentration,biolink:PhenotypicFeature,NA,EHR Risk Provider (Multiomics)
PUBCHEM.COMPOUND:125017,desvenlafaxine,biolink:ChemicalEntity,NA,EHR Risk Provider (Multiomics)
HMDB:HMDB0259875,vortioxetine,biolink:ChemicalEntity,NA,EHR Risk Provider (Multiomics)
MONDO:0011508,non hodgkin lymphoma,biolink:Disease,NA,EHR Risk Provider (Multiomics)
MONDO:0005147,diabetes type 1,biolink:Disease,NA,EHR Risk Provider (Multiomics)
PUBCHEM.COMPOUND:148192,atazanavir,biolink:ChemicalEntity,NA,EHR Risk Provider (Multiomics)
PUBCHEM.COMPOUND:41781,torsemide,biolink:ChemicalEntity,NA,EHR Risk Provider (Multiomics)
HMDB:HMDB0250682,cyclosporine,biolink:ChemicalEntity,NA,EHR Risk Provider (Multiomics)
HP:0012101,Decreased serum creatinine,biolink:PhenotypicFeature,NA,EHR Risk Provider (Multiomics)
HP:0031807,Increased basophil count,biolink:PhenotypicFeature,NA,EHR Risk Provider (Multiomics)
HP:0003228,Hypernatremia,biolink:PhenotypicFeature,NA,EHR Risk Provider (Multiomics)
PUBCHEM.COMPOUND:5865,prednisone,biolink:ChemicalEntity,NA,EHR Risk Provider (Multiomics)
HP:0002905,Hyperphosphatemia,biolink:PhenotypicFeature,NA,EHR Risk Provider (Multiomics)
HMDB:HMDB0256528,pibrentasvir,biolink:ChemicalEntity,NA,EHR Risk Provider (Multiomics)
HMDB:HMDB0249379,brexpiprazole,biolink:ChemicalEntity,NA,EHR Risk Provider (Multiomics)
PUBCHEM.COMPOUND:5284570,hydromorphone,biolink:ChemicalEntity,NA,EHR Risk Provider (Multiomics)
HMDB:HMDB0251820,abacavir,biolink:ChemicalEntity,NA,EHR Risk Provider (Multiomics)
NCIT:C146650,Clostridium difficile Positive,biolink:PhenotypicFeature,NA,EHR Risk Provider (Multiomics)
PUBCHEM.COMPOUND:4474,nicardipine,biolink:ChemicalEntity,NA,EHR Risk Provider (Multiomics)
HMDB:HMDB0248287,methotrexate,biolink:ChemicalEntity,NA,EHR Risk Provider (Multiomics)
PUBCHEM.COMPOUND:16133850,teriparatide,biolink:ChemicalEntity,NA,EHR Risk Provider (Multiomics)
HP:0003563,Decreased LDL cholesterol concentration,biolink:PhenotypicFeature,NA,EHR Risk Provider (Multiomics)
PUBCHEM.COMPOUND:586,creatine,biolink:ChemicalEntity,NA,EHR Risk Provider (Multiomics)
MONDO:0005148,diabetes mellitus type 2,biolink:Disease,NA,EHR Risk Provider (Multiomics)
HMDB:HMDB0252207,fenofibrate,biolink:ChemicalEntity,NA,EHR Risk Provider (Multiomics)
PUBCHEM.COMPOUND:4485,nifedipine,biolink:ChemicalEntity,NA,EHR Risk Provider (Multiomics)
PUBCHEM.COMPOUND:60823,atorvastatin,biolink:ChemicalEntity,NA,EHR Risk Provider (Multiomics)
MONDO:0019080,alopecia totalis,biolink:Disease,NA,EHR Risk Provider (Multiomics)
HP:0002904,Hyperbilirubinemia,biolink:PhenotypicFeature,NA,EHR Risk Provider (Multiomics)
HP:0003281,Increased circulating ferritin concentration,biolink:PhenotypicFeature,NA,EHR Risk Provider (Multiomics)
PUBCHEM.COMPOUND:5253,sotalol,biolink:ChemicalEntity,NA,EHR Risk Provider (Multiomics)
MONDO:0010602,hemophilia,biolink:Disease,NA,EHR Risk Provider (Multiomics)
PUBCHEM.COMPOUND:35370,zidovudine,biolink:ChemicalEntity,NA,EHR Risk Provider (Multiomics)
GTOPDB:7386,albiglutide,biolink:ChemicalEntity,NA,EHR Risk Provider (Multiomics)
HP:0001900,Increased hemoglobin,biolink:PhenotypicFeature,NA,EHR Risk Provider (Multiomics)
HP:0000870,Increased circulating prolactin concentration,biolink:PhenotypicFeature,NA,EHR Risk Provider (Multiomics)
MONDO:0009889,polycystic kidney disease infantile type,biolink:Disease,NA,EHR Risk Provider (Multiomics)
HP:0003233,Decreased HDL cholesterol concentration,biolink:PhenotypicFeature,NA,EHR Risk Provider (Multiomics)
PUBCHEM.COMPOUND:180559,atenolol,biolink:ChemicalEntity,NA,EHR Risk Provider (Multiomics)
MONDO:0005146,posttraumatic stress disorder,biolink:Disease,NA,EHR Risk Provider (Multiomics)
HMDB:HMDB0254124,liraglutide,biolink:ChemicalEntity,NA,EHR Risk Provider (Multiomics)
HMDB:HMDB0252742,glecaprevir,biolink:ChemicalEntity,NA,EHR Risk Provider (Multiomics)
HMDB:HMDB0251991,bempedoic acid,biolink:ChemicalEntity,NA,EHR Risk Provider (Multiomics)
PUBCHEM.COMPOUND:1978,acebutolol,biolink:ChemicalEntity,NA,EHR Risk Provider (Multiomics)
PUBCHEM.COMPOUND:131536,fosamprenavir,biolink:ChemicalEntity,NA,EHR Risk Provider (Multiomics)
HP:0020060,Decreased red blood cell count,biolink:PhenotypicFeature,NA,EHR Risk Provider (Multiomics)
HP:0033359,Hyperosthenuria,biolink:PhenotypicFeature,NA,EHR Risk Provider (Multiomics)
PUBCHEM.COMPOUND:6918314,vilazodone,biolink:ChemicalEntity,NA,EHR Risk Provider (Multiomics)
PUBCHEM.COMPOUND:3440,furosemide,biolink:ChemicalEntity,NA,EHR Risk Provider (Multiomics)
HP:0025435,Increased lactate dehydrogenase level,biolink:PhenotypicFeature,NA,EHR Risk Provider (Multiomics)
PUBCHEM.COMPOUND:5546,triamterene,biolink:ChemicalEntity,NA,EHR Risk Provider (Multiomics)
MONDO:0005302,attention deficit hyperactivity disorder,biolink:Disease,NA,EHR Risk Provider (Multiomics)
HP:0032309,Abnormal granulocyte count,biolink:PhenotypicFeature,NA,EHR Risk Provider (Multiomics)
HP:0002148,Hypophosphatemia,biolink:PhenotypicFeature,NA,EHR Risk Provider (Multiomics)
UMLS:C0581391,chronic depression,biolink:Disease,NA,EHR Risk Provider (Multiomics)
HMDB:HMDB0242282,ledipasvir,biolink:ChemicalEntity,NA,EHR Risk Provider (Multiomics)
HMDB:HMDB0250321,clevidipine,biolink:ChemicalEntity,NA,EHR Risk Provider (Multiomics)
PUBCHEM.COMPOUND:65999,telmisartan,biolink:ChemicalEntity,NA,EHR Risk Provider (Multiomics)
MONDO:0005130,celiac disease,biolink:Disease,NA,EHR Risk Provider (Multiomics)
HP:0011016,Abnormality of urine glucose concentration,biolink:PhenotypicFeature,NA,EHR Risk Provider (Multiomics)
MONDO:0010787,kearns sayre syndrome,biolink:Disease,NA,EHR Risk Provider (Multiomics)
MONDO:0009891,polycythemia vera,biolink:Disease,NA,EHR Risk Provider (Multiomics)
PUBCHEM.COMPOUND:3657,hydroxyurea,biolink:ChemicalEntity,NA,EHR Risk Provider (Multiomics)
MONDO:0019353,stargardt disease,biolink:Disease,NA,EHR Risk Provider (Multiomics)
HMDB:HMDB0259805,vilanterol,biolink:ChemicalEntity,NA,EHR Risk Provider (Multiomics)
MONDO:0007915,systemic lupus erythematosus,biolink:Disease,NA,EHR Risk Provider (Multiomics)
HMDB:HMDB0252939,grazoprevir,biolink:ChemicalEntity,NA,EHR Risk Provider (Multiomics)
PUBCHEM.COMPOUND:182137,esketamine,biolink:ChemicalEntity,NA,EHR Risk Provider (Multiomics)
MONDO:0005149,pulmonary hypertension,biolink:Disease,NA,EHR Risk Provider (Multiomics)
MONDO:0018882,vasculitis,biolink:Disease,NA,EHR Risk Provider (Multiomics)
HMDB:HMDB0255965,ombitasvir,biolink:ChemicalEntity,NA,EHR Risk Provider (Multiomics)
HMDB:HMDB0250935,deflazacort,biolink:ChemicalEntity,NA,EHR Risk Provider (Multiomics)
MONDO:0005133,endometriosis ,biolink:Disease,NA,EHR Risk Provider (Multiomics)
HMDB:HMDB0304849,vericiguat,biolink:ChemicalEntity,NA,EHR Risk Provider (Multiomics)
HP:0011991,Abnormal neutrophil count,biolink:PhenotypicFeature,NA,EHR Risk Provider (Multiomics)
PUBCHEM.COMPOUND:3152,donepezil,biolink:ChemicalEntity,NA,EHR Risk Provider (Multiomics)
MONDO:0007160,stickler syndrome,biolink:Disease,NA,EHR Risk Provider (Multiomics)
PUBCHEM.COMPOUND:3519,guanfacine,biolink:ChemicalEntity,NA,EHR Risk Provider (Multiomics)
MONDO:0015564,castleman disease,biolink:Disease,NA,EHR Risk Provider (Multiomics)
PUBCHEM.COMPOUND:3488,glyburide,biolink:ChemicalEntity,NA,EHR Risk Provider (Multiomics)
HP:0031098,Decreased thyroid-stimulating hormone level,biolink:PhenotypicFeature,NA,EHR Risk Provider (Multiomics)
MONDO:0004609,herpes simplex,biolink:Disease,NA,EHR Risk Provider (Multiomics)
MONDO:0007972,menieres disease,biolink:Disease,NA,EHR Risk Provider (Multiomics)
UMLS:C0745114,chronic hypertension,biolink:Disease,NA,EHR Risk Provider (Multiomics)
PUBCHEM.COMPOUND:3825,ketoprofen,biolink:ChemicalEntity,NA,EHR Risk Provider (Multiomics)
HP:0002900,Hypokalemia,biolink:PhenotypicFeature,NA,EHR Risk Provider (Multiomics)
PUBCHEM.COMPOUND:3326923,ibuprofen,biolink:ChemicalEntity,NA,EHR Risk Provider (Multiomics)
HP:0012153,Hypotriglyceridemia,biolink:PhenotypicFeature,NA,EHR Risk Provider (Multiomics)
HP:0011899,Hyperfibrinogenemia,biolink:PhenotypicFeature,NA,EHR Risk Provider (Multiomics)
MONDO:0008399,sarcoidosis,biolink:Disease,NA,EHR Risk Provider (Multiomics)
HP:0003282,Low alkaline phosphatase,biolink:PhenotypicFeature,NA,EHR Risk Provider (Multiomics)
HMDB:HMDB0251923,ertugliflozin,biolink:ChemicalEntity,NA,EHR Risk Provider (Multiomics)
CHEBI:145795,digoxin,biolink:ChemicalEntity,NA,EHR Risk Provider (Multiomics)
GTOPDB:6744,alirocumab,biolink:ChemicalEntity,NA,EHR Risk Provider (Multiomics)
MONDO:0010619,familial x linked hypophosphatemic vitamin d refractory rickets,biolink:Disease,NA,EHR Risk Provider (Multiomics)
MONDO:0010631,incontinentia pigmenti syndrome,biolink:Disease,NA,EHR Risk Provider (Multiomics)
MONDO:0001676,erythropoietic protoporphyria,biolink:Disease,NA,EHR Risk Provider (Multiomics)
MONDO:0015453,cogan syndrome,biolink:Disease,NA,EHR Risk Provider (Multiomics)
MONDO:0010561,coffin lowry syndrome,biolink:Disease,NA,EHR Risk Provider (Multiomics)
